{"initial_reset_timestamp": 1573613948.383125, "timestamps": [1573613948.479193], "episode_lengths": [10], "episode_rewards": [1.17], "episode_types": ["t"]}